[
  
  { "nome": "AFONSO PENA l", "garantidora": "Confidence - PR" },
  { "nome": "AITANA", "garantidora": "Confidence - PR" },
  { "nome": "ALLURE", "garantidora": "Confidence - PR" },
  { "nome": "ALMIRANTE 385", "garantidora": "Confidence - PR" },
  { "nome": "ANDORINHAS SP", "garantidora": "Confidence - PR" },
  { "nome": "ARAUCARIAS", "garantidora": "Confidence - PR" },
  { "nome": "AREZZO", "garantidora": "Confidence - PR" },
  { "nome": "BALTIMORE", "garantidora": "Confidence - PR" },
  { "nome": "BARCELONA I", "garantidora": "Confidence - PR" },
  { "nome": "BELMONT", "garantidora": "Confidence - PR" },
  { "nome": "BONSAI", "garantidora": "Confidence - PR" },
  { "nome": "BRESCIA", "garantidora": "Confidence - PR" },
  { "nome": "BUENO XVII", "garantidora": "Confidence - PR" },
  { "nome": "CARLOS FERNANDES", "garantidora": "Confidence - PR" },
  { "nome": "CASA BELA ll", "garantidora": "Confidence - PR" },
  { "nome": "CASTAMAN", "garantidora": "Confidence - PR" },
  { "nome": "CCX MILAO", "garantidora": "Confidence - PR" },
  { "nome": "COLINA SAO MARCOS", "garantidora": "Confidence - PR" },
  { "nome": "COMERCIAL ITALIA", "garantidora": "Confidence - PR" },
  { "nome": "COZUMEL", "garantidora": "Confidence - PR" },
  { "nome": "COZUMEL - AFONSO PENA", "garantidora": "Confidence - PR" },
  { "nome": "CRISTAL PALACE", "garantidora": "Confidence - PR" },
  { "nome": "DOIS PINHEIROS", "garantidora": "Confidence - PR" },
  { "nome": "DOM PEDRO I", "garantidora": "Confidence - PR" },
  { "nome": "DONA TEREZA", "garantidora": "Confidence - PR" },
  { "nome": "DRUMMOND V", "garantidora": "Confidence - PR" },
  { "nome": "DUMOND", "garantidora": "Confidence - PR" },
  { "nome": "ESPIRITO SANTO", "garantidora": "Confidence - PR" },
  { "nome": "FAMILIARE", "garantidora": "Confidence - PR" },
  { "nome": "FERRARA", "garantidora": "Confidence - PR" },
  { "nome": "FERREIRA", "garantidora": "Confidence - PR" },
  { "nome": "FLOR DE LIZ", "garantidora": "Confidence - PR" },
  { "nome": "FRAEL VI", "garantidora": "Confidence - PR" },
  { "nome": "FREITAS MENDES IV", "garantidora": "Confidence - PR" },
  { "nome": "GENOVA BACACHERI", "garantidora": "Confidence - PR" },
  { "nome": "HALLUCH DA ROCHA", "garantidora": "Confidence - PR" },
  { "nome": "HALLUCH DO INDEPENDENCIA I", "garantidora": "Confidence - PR" },
  { "nome": "HENRIQUE IX", "garantidora": "Confidence - PR" },
  { "nome": "HERMANN", "garantidora": "Confidence - PR" },
  { "nome": "IMPERIO", "garantidora": "Confidence - PR" },
  { "nome": "ITO", "garantidora": "Confidence - PR" },
  { "nome": "IZABEL", "garantidora": "Confidence - PR" },
  { "nome": "JARDIM DA LUZ II", "garantidora": "Confidence - PR" },
  { "nome": "KAROLYNE CRISTINE II", "garantidora": "Confidence - PR" },
  { "nome": "LADY OLGA", "garantidora": "Confidence - PR" },
  { "nome": "LEGEND RESIDENCE", "garantidora": "Confidence - PR" },
  { "nome": "LETICIA", "garantidora": "Confidence - PR" },
  { "nome": "LISBOA", "garantidora": "Confidence - PR" },
  { "nome": "LOS ANGELES", "garantidora": "Confidence - PR" },
  { "nome": "LUCAS BUENO", "garantidora": "Confidence - PR" },
  { "nome": "LUIZA IV", "garantidora": "Confidence - PR" },
  { "nome": "LUIZA IX", "garantidora": "Confidence - PR" },
  { "nome": "LUIZA XI", "garantidora": "Confidence - PR" },
  { "nome": "LUXOR", "garantidora": "Confidence - PR" },
  { "nome": "MAGALHAES IV", "garantidora": "Confidence - PR" },
  { "nome": "MARANELLO CLUB", "garantidora": "Confidence - PR" },
  { "nome": "MARIA LOPES", "garantidora": "Confidence - PR" },
  { "nome": "MARIA LUCIA", "garantidora": "Confidence - PR" },
  { "nome": "M.A.V", "garantidora": "Confidence - PR" },
  { "nome": "MIDORI XII", "garantidora": "Confidence - PR" },
  { "nome": "MIDORI XIV", "garantidora": "Confidence - PR" },
  { "nome": "MIDORI XV", "garantidora": "Confidence - PR" },
  { "nome": "MIDORI XXV", "garantidora": "Confidence - PR" },
  { "nome": "MONACO II", "garantidora": "Confidence - PR" },
  { "nome": "MONACO", "garantidora": "Confidence - PR" },
  { "nome": "MONTE CARLO", "garantidora": "Confidence - PR" },
  { "nome": "MONTE CLARO", "garantidora": "Confidence - PR" },
  { "nome": "MONTEVIDEO", "garantidora": "Confidence - PR" },
  { "nome": "MONT QUILIAN", "garantidora": "Confidence - PR" },
  { "nome": "MORADA DAS ARAUCARIAS", "garantidora": "Confidence - PR" },
  { "nome": "MORADA DO BOSQUE", "garantidora": "Confidence - PR" },
  { "nome": "MUNARI III", "garantidora": "Confidence - PR" },
  { "nome": "MURICY DA CAMPINA", "garantidora": "Confidence - PR" },
  { "nome": "NAÇOES UNIDAS", "garantidora": "Confidence - PR" },
  { "nome": "ORIGINAL III", "garantidora": "Confidence - PR" },
  { "nome": "PALMAS", "garantidora": "Confidence - PR" },
  { "nome": "PARQUE DA FONTE I", "garantidora": "Confidence - PR" },
  { "nome": "PAULO CESAR", "garantidora": "Confidence - PR" },
  { "nome": "PEDRINA", "garantidora": "Confidence - PR" },
  { "nome": "PLANO & VILA CAMBUCI - PITANGA SP", "garantidora": "Confidence - PR" },
  { "nome": "PORTO BELLO", "garantidora": "Confidence - PR" },
  { "nome": "PORTO FINO RESIDENCIAL", "garantidora": "Confidence - PR" },
  { "nome": "PRINCESA ISABEL", "garantidora": "Confidence - PR" },
  { "nome": "RESIDENCIAL DAS ARAUCARIAS", "garantidora": "Confidence - PR" },
  { "nome": "RODOLFO MULLER", "garantidora": "Confidence - PR" },
  { "nome": "SANTOLINA lll", "garantidora": "Confidence - PR" },
  { "nome": "SAO CRISTOVAO I", "garantidora": "Confidence - PR" },
  { "nome": "SILVIA HELENA", "garantidora": "Confidence - PR" },
  { "nome": "SPAZIO ILHA DI CAPRI SP", "garantidora": "Confidence - PR" },
  { "nome": "SP LIFE", "garantidora": "Confidence - PR" },
  { "nome": "SUMATRA", "garantidora": "Confidence - PR" },
  { "nome": "TEREZA KIEUTEKA II", "garantidora": "Confidence - PR" },
  { "nome": "TERRA ALTA", "garantidora": "Confidence - PR" },
  { "nome": "THE ONE BUSINESS TOWER", "garantidora": "Confidence - PR" },
  { "nome": "TOM JOBIM", "garantidora": "Confidence - PR" },
  { "nome": "TOM JOBIM BARAO", "garantidora": "Confidence - PR" },
  { "nome": "VALASKI II", "garantidora": "Confidence - PR" },
  { "nome": "VENEZA", "garantidora": "Confidence - PR" },
  { "nome": "VERDERE", "garantidora": "Confidence - PR" },
  { "nome": "VERONA", "garantidora": "Confidence - PR" },
  { "nome": "VERONICA", "garantidora": "Confidence - PR" },
  { "nome": "VICTORIA V", "garantidora": "Confidence - PR" },
  { "nome": "VILLAGE VERANO", "garantidora": "Confidence - PR" },
  { "nome": "VILLAGIO SANTA CLARA", "garantidora": "Confidence - PR" },
  { "nome": "VILLAGIO SAO FRANCISCO", "garantidora": "Confidence - PR" },
  { "nome": "XINGU I", "garantidora": "Confidence - PR" },

  { "nome": "BUTANTA D", "garantidora": "Confidence - SP"},
  { "nome": "JOSE CAMAROTTO","garantidora": "Confidence - SP"},
  { "nome": "RESERVA CERAMICA","garantidora": "Confidence - SP"},
  { "nome": "RESIDENCIAL DOMUS CONVIVA","garantidora": "Confidence - SP"},
  { "nome": "TERRACO QUITAUNA","garantidora": "Confidence - SP"},
  { "nome": "VIVA CLUBE","garantidora": "Confidence - SP"},

  { "nome": "GO BARRA FUNDA", "garantidora": "Confidence - Sudeste" },
  { "nome": "RESIDENCIAL BOM SUCESSO II", "garantidora": "Confidence - Sudeste" },
  { "nome": "RESIDENCIAL DOS SABIAS", "garantidora": "Confidence - Sudeste" },
  { "nome": "RESIDENCIAL HUMAITA", "garantidora": "Confidence - Sudeste" },
  { "nome": "RESIDENCIAL JARDIM D'ABRIL II", "garantidora": "Confidence - Sudeste" },
  { "nome": "EDIFICIO MARCELLUS", "garantidora": "Confidence - Sudeste" },
  { "nome": "MAX RESIDENCIAL", "garantidora": "Confidence - Sudeste" },

  { "nome": "ALLIANCE I", "garantidora": "Duplique - PR" },
  { "nome": "AQUARELA OSASCO", "garantidora": "Duplique - PR" },
  { "nome": "ARAGUAIA", "garantidora": "Duplique - PR" },
  { "nome": "BEIJA FLOR III", "garantidora": "Duplique - PR" },
  { "nome": "BEIJA FLOR V", "garantidora": "Duplique - PR" },
  { "nome": "BRISTOL CITY", "garantidora": "Duplique - PR" },
  { "nome": "DONA MAFALDA", "garantidora": "Duplique - PR" },
  { "nome": "FLOR DE JASMIM - SP", "garantidora": "Duplique - PR" },
  { "nome": "HORTÊNCIA -SP", "garantidora": "Duplique - PR" },
  { "nome": "JARDINS V", "garantidora": "Duplique - PR" },
  { "nome": "LIVORNO", "garantidora": "Duplique - PR" },
  { "nome": "NASCENTE DO IGUAÇU I", "garantidora": "Duplique - PR" },
  { "nome": "NISHIMURA", "garantidora": "Duplique - PR" },
  { "nome": "PAEQUERE I", "garantidora": "Duplique - PR" },
  { "nome": "PARAISO III", "garantidora": "Duplique - PR" },
  { "nome": "PORTO ASSUNÇÃO", "garantidora": "Duplique - PR" },
  { "nome": "QUATRO ESTACOES", "garantidora": "Duplique - PR" },
  { "nome": "RECANTO DAS GARÇAS - SP", "garantidora": "Duplique - PR" },
  { "nome": "SAN MARINO", "garantidora": "Duplique - PR" },
  { "nome": "SANTA CANDIDA", "garantidora": "Duplique - PR" },
  { "nome": "SANTA CANDIDA II CONDOMINIO I", "garantidora": "Duplique - PR" },
  { "nome": "SANTA TEREZINHA", "garantidora": "Duplique - PR" },
  { "nome": "SANTO ANTONIO", "garantidora": "Duplique - PR" },
  { "nome": "SOLAR I", "garantidora": "Duplique - PR" },
  { "nome": "TESTE DE VALIDAÇAO CONTA ITAU", "garantidora": "Duplique - PR" },
  { "nome": "VILA GANDARAS", "garantidora": "Duplique - PR" },
  { "nome": "VILA SUIÇA - SP", "garantidora": "Duplique - PR" },
  { "nome": "VILLAGE VIII", "garantidora": "Duplique - PR" },
  { "nome": "VILLA NOVA - SP", "garantidora": "Duplique - PR" },

  { "nome": "AGATA E TOPAZIO - SÃO PAULO", "garantidora": "Duplique - SP" },
  { "nome": "BRUNA - PRAIA GRANDE", "garantidora": "Duplique - SP" },
  { "nome": "DEMAIS BELA VISTA RESIDENCIAL CLUBE", "garantidora": "Duplique - SP" },
  { "nome": "DOMUS 360 - OSASCO", "garantidora": "Duplique - SP" },
  { "nome": "ESTANCIA DAS FLORES - GUARULHOS", "garantidora": "Duplique - SP" },
  { "nome": "FLEX CARAPICUIBA II", "garantidora": "Duplique - SP" },
  { "nome": "GRIFFE ANHANGUERA", "garantidora": "Duplique - SP" },
  { "nome": "JURITIS", "garantidora": "Duplique - SP" },
  { "nome": "LE MONT I- COTIA", "garantidora": "Duplique - SP" },
  { "nome": "LE MONT II - COTIA", "garantidora": "Duplique - SP" },
  { "nome": "NOVA CONCEIÇÃO VI", "garantidora": "Duplique - SP" },
  { "nome": "NOVA ZELANDIA 2", "garantidora": "Duplique - SP" },
  { "nome": "ONIX", "garantidora": "Duplique - SP" },
  { "nome": "PIEMONTE RESIDENCIAL CLUB", "garantidora": "Duplique - SP" },
  { "nome": "PORTAL DAS PALMEIRAS - ITU", "garantidora": "Duplique - SP" },
  { "nome": "PRIMAVERAS - ITU", "garantidora": "Duplique - SP" },
  { "nome": "RESERVA FLORENÇA - OSASCO", "garantidora": "Duplique - SP" },
  { "nome": "RESERVA VENEZA - OSASCO", "garantidora": "Duplique - SP" },
  { "nome": "VITORIA II", "garantidora": "Duplique - SP" },

  { "nome": "ALAMEDA FREGUESIA", "garantidora": "Duplique - SD" },
  { "nome": "ALLEGRARE", "garantidora": "Duplique - SD" },
  { "nome": "BEM-TE-VI", "garantidora": "Duplique - SD" },
  { "nome": "BRETAGNE", "garantidora": "Duplique - SD" },
  { "nome": "CANADÁ GARDENS", "garantidora": "Duplique - SD" },
  { "nome": "COQUEIROS", "garantidora": "Duplique - SD" },
  { "nome": "DOMUS TANGARÁ", "garantidora": "Duplique - SD" },
  { "nome": "FLEX CARAPICUIBA IV", "garantidora": "Duplique - SD" },
  { "nome": "JARDIM DOS PINHEIROS", "garantidora": "Duplique - SD" },
  { "nome": "MODENA", "garantidora": "Duplique - SD" },
  { "nome": "PAINEIRAS", "garantidora": "Duplique - SD" },
  { "nome": "PARQUE ILHA DO SOL", "garantidora": "Duplique - SD" },
  { "nome": "PARQUE SAINT JOHN", "garantidora": "Duplique - SD" },
  { "nome": "RESIDENCIAL GOLDEN PARK ECOVIDA", "garantidora": "Duplique - SD" },
  { "nome": "RESIDENCIAL PITANGUEIRAS", "garantidora": "Duplique - SD" },
  { "nome": "RESIDENCIAL TULIPAS", "garantidora": "Duplique - SD" },
  { "nome": "RESIDENCIAL VILLA PARK OSASCO", "garantidora": "Duplique - SD" },

  { "nome": "ACANTO", "garantidora": "Garante - SP" },
  { "nome": "ACAPULCO", "garantidora": "Garante - SP" },
  { "nome": "ALDEIA DE COTIA", "garantidora": "Garante - SP" },
  { "nome": "ALVORADA", "garantidora": "Garante - SP" },
  { "nome": "AMANÁ", "garantidora": "Garante - SP" },
  { "nome": "AMARIGE", "garantidora": "Garante - SP" },
  { "nome": "AMERICANA", "garantidora": "Garante - SP" },
  { "nome": "AQUAVILLE", "garantidora": "Garante - SP" },
  { "nome": "BOSQUE DAS ARAUCARIAS 2", "garantidora": "Garante - SP" },
  { "nome": "CACHOEIRA DAS PEDRAS", "garantidora": "Garante - SP" },
  { "nome": "CAMPOLIM", "garantidora": "Garante - SP" },
  { "nome": "CARAVELAS", "garantidora": "Garante - SP" },
  { "nome": "COLINA AZUL", "garantidora": "Garante - SP" },
  { "nome": "CONDOMINIO CHAPECO", "garantidora": "Garante - SP" },
  { "nome": "FIORETTI", "garantidora": "Garante - SP" },
  { "nome": "MONT CASTELO", "garantidora": "Garante - SP" },
  { "nome": "MONTERREY II", "garantidora": "Garante - SP" },
  { "nome": "NOVO HORIZONTE I", "garantidora": "Garante - SP" },
  { "nome": "PAIQUERÊ", "garantidora": "Garante - SP" },
  { "nome": "PARQUE DOS PASSAROS", "garantidora": "Garante - SP" },
  { "nome": "RAFAELA", "garantidora": "Garante - SP" },
  { "nome": "RESIDENCIAL PACOBA", "garantidora": "Garante - SP" },
  { "nome": "UP CAMPINAS", "garantidora": "Garante - SP" },
  { "nome": "VEREDAS DOS BANDEIRANTES", "garantidora": "Garante - SP" },
  { "nome": "VILA DOS BANDEIRANTES", "garantidora": "Garante - SP" },
  { "nome": "VILA VERDE II", "garantidora": "Garante - SP" },
  { "nome": "VILLAGIO MONTE MOR", "garantidora": "Garante - SP" },
  { "nome": "VIOLETAS", "garantidora": "Garante - SP" },

  { "nome": "CAUCAIA - Pinheiro Alto", "garantidora": "Garante - SD" },
  { "nome": "CONDOMINIO RESIDENCIAL ORQUIDEA", "garantidora": "Garante - SD" },
  { "nome": "CONJUNTO RESIDENCIAL SAO PAULO", "garantidora": "Garante - SD" },
  { "nome": "LE PARC CANCUN", "garantidora": "Garante - SD" },
  { "nome": "PROJETO IMOBILIARIO E 88 Aneri Cambuci", "garantidora": "Garante - SD" },
  { "nome": "RESIDENCIAL BEM TE VI COTIA", "garantidora": "Garante - SD" },
  { "nome": "RESIDENCIAL ITALIA", "garantidora": "Garante - SD" }

]